auction_id,experiment,date,hour,device_make,platform_os,browser,response
008aafdf-deef-4482-8fec-d98e3da054da,exposed,2020-07-04,16,Generic Smartphone,6,Chrome Mobile,1
023ec7b5-cb8f-49a5-995f-e0d7c2f702e5,exposed,2020-07-09,13,Samsung SM-G935F,6,Facebook,1
02efdb70-8596-4f3f-b0b2-b91e194f61f7,exposed,2020-07-05,6,Generic Smartphone,6,Chrome Mobile,1
03ee1780-1fa3-4bec-926c-d543a81a6653,exposed,2020-07-04,11,Samsung SM-G981B,6,Chrome Mobile WebView,1
046644f4-b30c-48f9-b069-f804a97b77d9,exposed,2020-07-05,2,Generic Smartphone,6,Chrome Mobile WebView,1
0587d2d4-d47a-4872-ace2-a460eea468f3,exposed,2020-07-09,1,Generic Smartphone,6,Chrome Mobile,1
07567ef2-71de-41c4-b234-79565a48917e,exposed,2020-07-08,20,Generic Smartphone,6,Chrome Mobile WebView,1
07659c1c-f6f0-4a6b-8089-97290c26aeb9,exposed,2020-07-08,6,Generic Smartphone,6,Chrome Mobile,1
08097cbe-a8fe-4336-a917-3da665c5654e,exposed,2020-07-10,15,Generic Smartphone,6,Chrome Mobile,1
086f31fc-fc25-4c4b-b0ba-ea9ac9502855,exposed,2020-07-08,20,Generic Smartphone,6,Chrome Mobile,1
089b6e4b-ab64-4200-9f64-784ddea9dffb,exposed,2020-07-08,20,Generic Smartphone,6,Chrome Mobile,1
08e29116-2e0b-4b2a-b59b-1c1e6d9f109c,exposed,2020-07-08,21,Generic Smartphone,6,Chrome Mobile,1
090b32d5-a098-4e68-81bd-60325a6898fa,exposed,2020-07-05,21,Generic Smartphone,6,Chrome Mobile,1
0af12f96-1167-4717-85c2-e4bab19a6741,exposed,2020-07-08,21,Samsung SM-A405FN,6,Chrome Mobile WebView,1
0c1aff5b-de99-46a0-b307-acfa1792c86f,exposed,2020-07-04,0,Samsung SM-A320FL,6,Chrome Mobile WebView,1
0c65bdaf-4328-417e-b4d9-c857a54ff446,exposed,2020-07-05,3,Generic Smartphone,6,Chrome Mobile,1
0d04f1cf-7dd1-48e3-87f1-0c8b87345cf0,exposed,2020-07-08,16,Generic Smartphone,6,Chrome Mobile,1
0e7b7167-079b-4c16-95bd-649fa51ced00,exposed,2020-07-09,6,Samsung SM-A505FN,6,Samsung Internet,1
10eb2de4-a804-4c5d-a398-2d3dbc3b658b,exposed,2020-07-09,14,Generic Smartphone,6,Chrome Mobile WebView,1
1214eff0-876d-4e90-afbc-312ce80b3c04,exposed,2020-07-03,8,Samsung SM-A300FU,6,Chrome Mobile WebView,1
14321100-2c98-40aa-8659-3c495c7c148c,exposed,2020-07-03,9,Generic Smartphone,6,Chrome Mobile WebView,1
14485cd5-6904-4d94-890c-7bb0feb6ff30,exposed,2020-07-08,15,Generic Smartphone,6,Chrome Mobile WebView,1
14ca050a-eea5-4c06-9b92-40f0746cc827,exposed,2020-07-10,17,Generic Smartphone,6,Chrome Mobile,1
16635abc-4436-46ac-ac92-92119d473f65,exposed,2020-07-09,19,Generic Smartphone,6,Chrome Mobile,1
16dfd9e0-e990-4336-a842-65a7f0513f7a,exposed,2020-07-04,9,Generic Smartphone,6,Chrome Mobile,1
1907c167-0709-4d35-991d-3f396bc79496,exposed,2020-07-04,16,Samsung SM-J610FN,6,Chrome Mobile WebView,1
19ba2632-0167-4f74-b111-3093781d2aa3,exposed,2020-07-10,15,Samsung SM-G900F,6,Chrome Mobile WebView,1
1b34c039-0087-4795-ab40-a43d71661a5a,exposed,2020-07-06,0,POT-LX1,6,Chrome Mobile WebView,1
1b4ca4bc-3a61-4752-ba2d-38a40b2c3eb6,exposed,2020-07-08,17,Generic Smartphone,6,Chrome Mobile,1
1e43fc5f-dd65-4311-9c32-6e1552cd70b9,exposed,2020-07-07,23,Generic Smartphone,6,Chrome Mobile,1
20e59bcd-428e-4c8f-b9fb-f4c50be78c4e,exposed,2020-07-04,16,Generic Smartphone,6,Chrome Mobile,1
211f8909-ed4a-4cb7-bc65-72a5bdb70ec4,exposed,2020-07-09,2,Samsung SM-G950F,6,Chrome Mobile WebView,1
220c8e65-99ef-4cd2-8704-aea1aac355a4,exposed,2020-07-07,20,Samsung SM-A405FN,6,Chrome Mobile WebView,1
225c2ca4-a64e-4daa-9373-cd2766e620ee,exposed,2020-07-09,8,Generic Smartphone,6,Chrome Mobile,1
228e5645-cd44-4fb3-9715-36942faefa5e,exposed,2020-07-04,14,Samsung SM-G960F,6,Chrome Mobile WebView,1
22b7ad72-4dfc-45c8-ae18-8f208cc9e29c,exposed,2020-07-04,8,Nokia$2$3,6,Chrome Mobile WebView,1
234d896d-60d3-47f8-aa4d-389e81f280ec,exposed,2020-07-10,0,Generic Smartphone,6,Chrome Mobile,1
2486784b-2d9b-41d6-9af1-20cddbb6d1a1,exposed,2020-07-06,1,Samsung SM-A505FN,6,Chrome Mobile WebView,1
255a8dc5-eaac-4b47-b90b-ef1f6c7a2a43,exposed,2020-07-03,6,Nokia$2$3,6,Chrome Mobile WebView,1
25c0d6e6-4eca-47fe-86d6-4c7fbab19bfb,exposed,2020-07-04,16,Generic Smartphone,6,Chrome Mobile,1
266ca28b-d046-44e1-8501-fe119cfcb5b7,exposed,2020-07-05,13,Samsung SM-G965F,6,Samsung Internet,1
2805b324-8fb1-4584-8ece-692599a7ac98,exposed,2020-07-09,13,Nokia$2$3,6,Chrome Mobile WebView,1
283a7e05-c77d-4bf7-894e-2a1a4bf0d9ad,exposed,2020-07-09,5,Generic Smartphone,6,Chrome Mobile,1
28cfbbe3-0395-4b24-862a-fdd0f43b8fff,exposed,2020-07-04,6,Generic Smartphone,6,Chrome Mobile,1
29245451-dd75-460c-8a16-a1b3b73b55c8,exposed,2020-07-09,22,Generic Smartphone,6,Chrome Mobile,1
2d1711b7-ddd6-4bae-8969-be69ae7e9313,exposed,2020-07-08,18,Samsung SM-G920F,6,Chrome Mobile WebView,1
2ee6f2a9-64ba-42dd-8d28-81f8d8f033ba,exposed,2020-07-10,11,Samsung $2,6,Samsung Internet,1
2efeefb7-9cbc-4919-9671-1a2e886d8699,exposed,2020-07-08,20,Generic Smartphone,6,Chrome Mobile,1
31f4af17-9d59-4dce-9930-f57e5a65cc4e,exposed,2020-07-09,7,Samsung SM-G986B,6,Facebook,1
321e2198-aa78-422d-92f5-4783f7c78c1e,exposed,2020-07-09,3,Generic Smartphone,6,Chrome Mobile,1
323cf485-1501-4cfb-8731-450965f0060e,exposed,2020-07-03,10,Generic Smartphone,6,Chrome Mobile,1
32a55120-a5a8-451f-ab51-3c027a6be38e,exposed,2020-07-04,14,Generic Smartphone,6,Chrome Mobile,1
343d34fc-6139-4405-894c-3974270b3667,exposed,2020-07-06,8,Generic Smartphone,6,Chrome Mobile,1
344a189d-4970-4b73-84c7-17231eade90e,exposed,2020-07-08,17,LG-$2,6,Chrome Mobile WebView,1
3596746b-376a-465d-b9b2-b4108c8d08fc,exposed,2020-07-05,8,Samsung SM-J730F,6,Chrome Mobile WebView,1
3622c4eb-44f2-44fa-b6ea-cb169960b823,exposed,2020-07-08,15,Generic Smartphone,6,Chrome Mobile,1
36432b69-a806-4000-97a7-d852b294d0c4,exposed,2020-07-09,9,Generic Smartphone,6,Chrome Mobile,1
370645e2-7046-45b8-b1e5-5b5ec15fca65,exposed,2020-07-09,14,Generic Smartphone,6,Chrome Mobile,1
3921160f-6412-43fd-8ccf-6bb96630b2f5,exposed,2020-07-08,19,Samsung SM-G960F,6,Samsung Internet,1
3a7b0130-368e-4748-9022-6e12fca7b539,exposed,2020-07-05,15,Samsung SM-G950F,6,Chrome Mobile WebView,1
3aa89a92-a9c2-463b-86a0-8c9f6760e735,exposed,2020-07-04,19,Generic Smartphone,6,Chrome Mobile,1
3b427db1-4b52-446f-bcb2-2f6039ad1d42,exposed,2020-07-03,9,Generic Smartphone,6,Chrome Mobile,1
3de966a6-5a0c-447a-8a30-fdfae48b48ac,exposed,2020-07-10,6,ELE-L09,6,Chrome Mobile WebView,1
3e33f885-d358-4738-aab9-78244052fc21,exposed,2020-07-06,3,Samsung SM-G970F,6,Samsung Internet,1
3ece6440-cdce-4ec6-af81-889813d84004,exposed,2020-07-09,10,Generic Smartphone,6,Chrome Mobile,1
4125be7b-e582-46f3-b9fd-eeaf4af36f3f,exposed,2020-07-10,8,Samsung SM-G975F,6,Chrome Mobile WebView,1
41c810e4-190e-47d9-8e28-3f7e0786b7e5,exposed,2020-07-04,14,Generic Smartphone,6,Chrome Mobile,1
424785d3-ba8a-4662-99ec-d645cf6a9f94,exposed,2020-07-09,6,Samsung SM-G960F,6,Samsung Internet,1
4319e239-c393-4da3-a8cb-fcc5c0d1f966,exposed,2020-07-09,21,YAL-L21,6,Chrome Mobile WebView,1
432fe0c4-6b9b-4a66-a1b9-605ab3d8264a,exposed,2020-07-08,13,Generic Smartphone,6,Chrome Mobile,1
4498e146-766f-464c-94ef-adfcc8fe2698,exposed,2020-07-09,6,Generic Smartphone,6,Chrome Mobile,1
45db7e60-c14b-4f17-99b7-820ee4080fcc,exposed,2020-07-09,18,Samsung SM-G960F,6,Chrome Mobile WebView,1
45e5e2a3-fd50-4a29-bef0-eae743d5dc48,exposed,2020-07-04,10,Generic Smartphone,6,Chrome Mobile,1
4caa5feb-42d1-4a56-a25b-d5c7c8e2e5da,exposed,2020-07-03,10,Samsung SM-J600FN,6,Samsung Internet,1
4ff45daa-a156-4181-b369-6832be7f3b55,exposed,2020-07-05,0,Generic Smartphone,6,Chrome Mobile,1
5076b505-7540-40e5-a806-cc10d78e1664,exposed,2020-07-08,16,Generic Smartphone,6,Chrome Mobile,1
518e3182-f8f8-4265-a7eb-ec8f085aa52e,exposed,2020-07-05,12,Huawei Browser,6,Chrome,1
52788ed3-653c-480b-aa0d-d36b1dc36166,exposed,2020-07-03,7,Generic Smartphone,6,Chrome Mobile,1
5326ad10-6ef3-47c0-84e0-148757f33313,exposed,2020-07-03,6,Samsung SM-A705FN,6,Samsung Internet,1
5378e49b-ec5b-46e8-9e43-03ba4a89a3f7,exposed,2020-07-03,1,Generic Smartphone,6,Chrome Mobile,1
5434ebb8-0685-4bce-b994-1bbff94c6c30,exposed,2020-07-08,17,Generic Smartphone,6,Chrome Mobile,1
561ebe61-32e2-40fe-9913-c814c6cd49e1,exposed,2020-07-07,19,Samsung SM-G960F,6,Samsung Internet,1
566eb419-ed8a-4a0c-a035-74ffe0dd6c8d,exposed,2020-07-09,16,Samsung SM-G980F,6,Chrome Mobile WebView,1
581ed31c-3642-4e64-9331-86a304130afc,exposed,2020-07-05,9,Nokia$2$3,6,Chrome Mobile WebView,1
585a6caf-04de-4325-8437-a4a7e4a65f65,exposed,2020-07-06,6,Generic Smartphone,6,Chrome Mobile,1
589dbe6d-4d47-4841-a20f-c707326ccf3d,exposed,2020-07-06,10,Generic Smartphone,6,Chrome Mobile,1
58a546f9-44fc-4fba-9f90-920811b232bf,exposed,2020-07-06,6,Generic Smartphone,6,Chrome Mobile,1
5908f021-fc31-4b53-b29c-ef1fb0577e0b,exposed,2020-07-03,5,Generic Smartphone,6,Chrome Mobile WebView,1
59cc2ee4-e210-4b96-8e82-99d0a6cdbe9b,exposed,2020-07-05,13,Generic Smartphone,6,Chrome Mobile,1
5b01df47-0f8b-49fe-8ead-2bb50bbc4282,exposed,2020-07-05,11,Generic Smartphone,6,Chrome Mobile,1
5b3dd0c2-8faf-4f92-b704-b6e44b307149,exposed,2020-07-04,23,Generic Smartphone,6,Chrome Mobile,1
5d64d8fd-a7ff-4138-a7d7-2cdd5e3ecee0,exposed,2020-07-08,14,Generic Smartphone,6,Chrome Mobile,1
5dffc7d3-4069-45b0-bb3a-b6b611f68daf,exposed,2020-07-09,7,Generic Smartphone,6,Chrome Mobile,1
5e1e9b78-1d8e-4348-954e-9af54897a3e8,exposed,2020-07-08,21,LG-$2,6,Chrome Mobile,1
5ebd8e85-71d3-499d-83d3-bf4375bdec18,exposed,2020-07-08,15,Generic Smartphone,6,Chrome Mobile,1
5ef50318-b9ef-4ae1-9569-5eb368fabdf1,exposed,2020-07-07,9,Generic Smartphone,6,Chrome Mobile,1
5f04566f-d5e8-4ac5-8fa7-ac52db677509,exposed,2020-07-07,22,Generic Smartphone,6,Chrome Mobile,1
60e51496-0008-4836-baf5-24295395ac08,exposed,2020-07-03,10,Generic Smartphone,6,Chrome Mobile,1
61205ee2-023b-4eab-bf13-c20c90fd3aa2,exposed,2020-07-10,4,Samsung SM-G930F,6,Chrome Mobile WebView,1
6234d9dd-300a-4ce5-923b-9c02d3bebfac,exposed,2020-07-03,8,Generic Smartphone,6,Chrome Mobile,1
630c6475-14a9-4393-8151-12d2e430ff0f,exposed,2020-07-04,6,Generic Smartphone,6,Chrome Mobile,1
641102fd-5285-45dc-9a74-2d6d8cb31aeb,exposed,2020-07-04,10,Generic Smartphone,6,Chrome Mobile,1
64beba58-5f3b-4de3-8c81-0cb5ece67c5d,exposed,2020-07-04,9,Generic Smartphone,6,Chrome Mobile,1
65a95026-737d-439f-bf31-0d87d8cef632,exposed,2020-07-09,12,Generic Smartphone,6,Chrome Mobile,1
67f0bcc8-e606-4746-8add-6204619dbd9c,exposed,2020-07-03,8,Generic Smartphone,6,Chrome Mobile,1
6939aa0e-0e9b-48e6-b64a-2fde7578442e,exposed,2020-07-05,10,Samsung SM-G973F,6,Chrome Mobile WebView,1
6bbc74ed-546f-48b5-bf91-cb8888e96286,exposed,2020-07-05,9,Samsung SM-J530F,6,Samsung Internet,1
6cd75519-0f96-42e2-94c1-47714bd79b4e,exposed,2020-07-08,18,Generic Smartphone,6,Chrome Mobile,1
6d46a7c0-27d9-4156-bb04-64dd087f6a8a,exposed,2020-07-06,10,Samsung SM-N950F,6,Facebook,1
6dcfe9af-7629-4720-83fc-88bea26f1cc1,exposed,2020-07-08,20,VFD 700,6,Chrome Mobile WebView,1
6f205f09-5bca-4fa0-bed4-01d86dc558c2,exposed,2020-07-06,4,Generic Smartphone,6,Chrome Mobile,1
7002e35a-e698-4e9f-9a44-1ba5050fea97,exposed,2020-07-05,5,Samsung SM-G950F,6,Chrome Mobile WebView,1
70361a09-0b73-48d0-afc4-96db1d775032,exposed,2020-07-04,11,Nokia undefined$2$3,6,Chrome Mobile,1
70bbea5e-a4eb-44f0-b7a0-407ba5566f6b,exposed,2020-07-08,5,Generic Smartphone,6,Chrome Mobile,1
73fe9c6d-6ea9-4fb4-a648-82bb846301dd,exposed,2020-07-06,4,Generic Smartphone,6,Chrome Mobile,1
7618f84a-b89a-4581-ac8b-87ab7b0bf87e,exposed,2020-07-04,6,ELE-L09,6,Facebook,1
780a2d7e-d8c1-4e19-87b2-eb98a077f7ba,exposed,2020-07-10,4,Generic Smartphone,6,Chrome Mobile,1
78334283-17e0-4221-b93b-18d65beffe9b,exposed,2020-07-03,13,Generic Smartphone,6,Chrome Mobile,1
7886e538-d171-497f-9120-419aa7593dfa,exposed,2020-07-09,17,Samsung SM-A507FN,6,Chrome Mobile WebView,1
7908cc88-7e67-4274-91ee-bda6469233ae,exposed,2020-07-09,7,Generic Smartphone,6,Chrome Mobile,1
7c003bed-32c3-4236-abf0-f571debe769b,exposed,2020-07-05,3,iPhone,5,Mobile Safari,1
7c3d937d-e200-4def-9db5-997e0eff2af8,exposed,2020-07-04,3,Nokia undefined$2$3,6,Chrome Mobile,1
7cebd2b7-7978-428a-b0a8-9d38766bd299,exposed,2020-07-07,22,Generic Smartphone,6,Chrome Mobile,1
7cff2a18-9c03-40c2-838d-ae4921a5c0ba,exposed,2020-07-03,7,Generic Smartphone,6,Chrome Mobile WebView,1
7d16ebd6-b007-41c6-8737-f4e04c92cd0e,exposed,2020-07-05,7,Samsung SM-G975F,6,Samsung Internet,1
7d8376bc-6f71-47c3-9c86-a938bc5d0596,exposed,2020-07-03,0,Generic Smartphone,6,Chrome Mobile,1
7d978bd2-f198-44a2-b918-9ba681a621ef,exposed,2020-07-09,17,Generic Smartphone,6,Chrome Mobile,1
7e217480-6a52-4e39-8d0d-9b0dea622668,exposed,2020-07-03,3,Samsung SM-G975F,6,Chrome Mobile WebView,1
7f2d94ee-ff1d-4c9c-b0e1-4844186e7b7b,exposed,2020-07-03,13,Samsung SM-A750FN,6,Chrome Mobile WebView,1
805cffd0-43b1-40a1-aecd-e04055b6059f,exposed,2020-07-08,12,Generic Smartphone,6,Chrome Mobile,1
82941242-45c0-4aa7-afa7-ca68cb4eff7a,exposed,2020-07-07,9,Generic Smartphone,6,Chrome Mobile,1
85308108-0ccf-4b2b-9157-bdd4ea63d1c7,exposed,2020-07-04,10,Samsung SM-G965F,6,Facebook,1
85bd4f2e-5918-4cd2-87ad-a8f7af4c6b96,exposed,2020-07-05,6,Generic Smartphone,6,Chrome Mobile,1
85e1ba26-acbc-4f7a-aa1a-07f1ab85fdbd,exposed,2020-07-06,2,Generic Smartphone,6,Chrome Mobile,1
8723a7a4-cd02-4a3d-b9e3-6eff47e78f61,exposed,2020-07-10,14,Generic Smartphone,6,Facebook,1
879959a8-33d9-4b17-aab5-cf5bdfb3dcde,exposed,2020-07-03,8,Samsung SM-G920F,6,Chrome Mobile WebView,1
87ef35fb-79b1-483b-a170-01efc3dd945c,exposed,2020-07-08,16,Generic Smartphone,6,Chrome Mobile,1
8992b170-1fd2-49ad-b91d-2d63d67d117c,exposed,2020-07-10,7,HTC Desire $2,6,Chrome Mobile,1
8a9d35a5-5980-4591-82e8-1b7fa84b2af8,exposed,2020-07-05,16,Generic Smartphone,6,Chrome Mobile,1
8aae92c5-0763-4083-85ec-ccf1b3eaadfb,exposed,2020-07-10,15,Generic Smartphone,6,Chrome Mobile,1
8aca8139-c391-4b39-b59c-17935644ea8f,exposed,2020-07-06,10,I3312,6,Chrome Mobile WebView,1
8b2452c1-0369-4a53-bb54-89aa3cea995e,exposed,2020-07-03,9,A0001,6,Chrome Mobile WebView,1
8b548c31-77ed-4cf9-a121-b9872f6f23c7,exposed,2020-07-09,18,Samsung SM-J330FN,6,Samsung Internet,1
8cc6fcc9-3e50-4755-bae9-7a7167ad6d23,exposed,2020-07-04,10,LG-$2,6,Chrome Mobile,1
8decec21-514c-4c2a-a9e1-bee3ba4fa94c,exposed,2020-07-08,20,Generic Smartphone,6,Chrome Mobile,1
8e4faab7-7026-4d9d-9a7f-1cbc2173a45d,exposed,2020-07-08,22,Generic Smartphone,6,Chrome Mobile,1
8f17389a-627f-46c4-ad26-ee2321f46f52,exposed,2020-07-08,15,MRD-LX1,6,Chrome Mobile,1
8f485c8d-13f9-4562-8d94-b554adfe8c90,exposed,2020-07-03,5,Generic Smartphone,6,Chrome Mobile,1
9061fdc8-1533-4fe9-93e3-21c3658c7bfb,exposed,2020-07-09,15,Generic Smartphone,6,Chrome Mobile WebView,1
90e88134-b9bc-4655-99d1-3f73b124c1bc,exposed,2020-07-10,15,Generic Smartphone,6,Chrome Mobile,1
921af32a-10a3-4dc7-a547-bdb5481d179f,exposed,2020-07-08,5,Generic Smartphone,6,Chrome Mobile,1
921b8666-ccb6-47b0-9065-045eb77aba55,exposed,2020-07-08,14,Generic Smartphone,6,Chrome Mobile,1
92705646-0c13-499c-9bde-b5ad2e1293fd,exposed,2020-07-03,9,Samsung SM-A202F,6,Chrome Mobile WebView,1
92e55795-389a-4fbf-ad4a-5c351cc1c20c,exposed,2020-07-07,14,Generic Smartphone,6,Chrome Mobile,1
9484b215-8f77-484b-acce-0197401f85e1,exposed,2020-07-07,12,Generic Smartphone,6,Chrome Mobile,1
95d3a4df-6c4b-46d7-a597-3a46a1bab21a,exposed,2020-07-10,0,Generic Smartphone,6,Chrome Mobile WebView,1
98814422-235a-410c-a4c6-70643ecca103,exposed,2020-07-07,21,Samsung SM-A105FN,6,Facebook,1
991c90cb-482f-4a50-9a5a-8eb6e853e9b3,exposed,2020-07-04,11,Samsung SM-G950F,6,Chrome Mobile WebView,1
9a00b17e-37ce-4cd4-82d6-7bc4d21cc524,exposed,2020-07-04,14,Samsung SM-J610FN,6,Chrome Mobile WebView,1
9a1735fe-3cbf-41c1-ba89-a57a6e2d00ba,exposed,2020-07-08,18,Nokia undefined$2$3,6,Chrome Mobile,1
9a685f5c-8764-48cb-9b43-a3f91249a208,exposed,2020-07-07,20,Generic Smartphone,6,Chrome Mobile,1
9aab129d-e08a-4b96-a25e-2421cbb727ca,exposed,2020-07-04,19,Generic Smartphone,6,Chrome Mobile,1
9c31388f-843a-497f-a45d-4918c4a20dc9,exposed,2020-07-08,17,Samsung SM-G900F,6,Chrome Mobile WebView,1
9d7fc4b4-7027-4087-917c-9ae1ac0e5e32,exposed,2020-07-08,18,Generic Smartphone,6,Chrome Mobile,1
9d958055-c1bf-44bb-ab31-f787ca9e116c,exposed,2020-07-08,20,Generic Smartphone,6,Chrome Mobile,1
9f83924e-4cd3-4fa4-bd2b-d2487cf165f7,exposed,2020-07-04,14,Samsung SM-G965F,6,Chrome Mobile WebView,1
a05e9add-bb58-4aae-a3d0-bcdeb71ea826,exposed,2020-07-08,19,Samsung SM-G960F,6,Chrome Mobile WebView,1
a10f359f-02a7-46eb-857b-bd81f9887a77,exposed,2020-07-04,11,Generic Smartphone,6,Chrome Mobile,1
a12cd168-64d7-4b56-8313-718b961cc7da,exposed,2020-07-09,23,Generic Smartphone,6,Chrome Mobile,1
a1743578-b709-4005-9d16-6d4fe616a0a4,exposed,2020-07-05,14,Generic Smartphone,6,Chrome Mobile,1
a2eeae08-0d8b-47a0-ac76-d2940d887925,exposed,2020-07-06,6,Generic Smartphone,6,Chrome Mobile,1
a34ae261-b70c-496b-95cc-29ee373d5504,exposed,2020-07-08,18,Samsung SM-G950F,6,Chrome Mobile WebView,1
a3942624-335c-4567-9f98-78ccbb5791d0,exposed,2020-07-03,5,XiaoMi MI MAX 3,6,Chrome Mobile WebView,1
a3af7c56-caf7-4ee0-bdfd-d5514dd03fbb,exposed,2020-07-08,18,Samsung SM-G950F,6,Chrome Mobile WebView,1
a3f3e37c-6eae-4917-b5b0-e13479fe7773,exposed,2020-07-09,7,Samsung SM-G960F,6,Chrome Mobile WebView,1
a4015637-4710-4ea6-b9dc-f857eeeeec43,exposed,2020-07-08,19,Generic Smartphone,6,Chrome Mobile,1
a45e5d2a-1446-40db-b566-6a0736dd6178,exposed,2020-07-10,3,Generic Smartphone,6,Chrome Mobile,1
a49bdc14-6b4e-404e-bd88-55f133eab2ac,exposed,2020-07-07,19,Generic Smartphone,6,Chrome Mobile,1
a5041bd1-e908-4c61-8b7b-273ca524ee10,exposed,2020-07-04,5,Generic Smartphone,6,Chrome Mobile,1
a6d7e9ac-1bf2-4ae3-b7c5-92b26ab22c27,exposed,2020-07-04,13,F3311,6,Chrome Mobile WebView,1
a730ff93-b20f-4a23-b703-7c5becca5aac,exposed,2020-07-08,4,Generic Smartphone,6,Chrome Mobile,1
a856a48d-7058-4040-91bf-efd0e66bccbf,exposed,2020-07-03,11,Generic Smartphone,6,Facebook,1
a8ab330a-93fb-4e1c-befd-9bbe60f12bfb,exposed,2020-07-10,4,Generic Smartphone,6,Chrome Mobile,1
a8d13798-4340-4648-bc23-faf9db50d255,exposed,2020-07-09,17,Samsung SM-G965F,6,Chrome Mobile WebView,1
a98ffc07-6388-48ec-b8dd-1d9f77fd07d3,exposed,2020-07-09,22,Samsung SM-A600FN,6,Chrome Mobile WebView,1
a9ae870a-0366-40db-b28b-ea5e6ec79dce,exposed,2020-07-05,14,Generic Smartphone,6,Chrome Mobile,1
a9e6ee56-7444-4706-bb2c-b6b8b24da285,exposed,2020-07-10,0,Samsung SM-G975F,6,Facebook,1
aa84454c-a749-4c98-bf9f-1f99c04416af,exposed,2020-07-08,16,Generic Smartphone,6,Chrome Mobile,1
aace9395-b69f-45c7-9d4e-16fbc8bfba07,exposed,2020-07-08,21,Samsung SM-G950F,6,Chrome Mobile WebView,1
aaec3a7c-6ff3-45df-9fbf-f4f2ae3852e9,exposed,2020-07-08,15,Generic Smartphone,6,Chrome Mobile,1
ad5c63c0-72b0-404b-8a50-501f8246be93,exposed,2020-07-09,11,Generic Smartphone,6,Chrome Mobile,1
ae9f6ee5-224f-40d6-883e-8bddbd7f978d,exposed,2020-07-08,16,Generic Smartphone,6,Chrome Mobile,1
af147643-56d6-4f28-9224-4537248b3f49,exposed,2020-07-08,7,Generic Smartphone,6,Chrome Mobile,1
af93dc3a-75b2-4b54-b3e6-c6afb098696a,exposed,2020-07-07,6,Generic Smartphone,6,Chrome Mobile WebView,1
afab37f9-8881-48eb-b9d7-9b854d618b68,exposed,2020-07-05,5,Generic Smartphone,6,Chrome Mobile,1
b04db329-2d89-450f-825b-00216060bca8,exposed,2020-07-04,7,OnePlus ONEPLUS A5010,6,Chrome Mobile WebView,1
b11f8207-f3cf-422d-a3e4-dfe525ed237b,exposed,2020-07-03,2,Generic Smartphone,6,Chrome Mobile,1
b1b39d3f-03d4-4e34-b9e7-ad6a182aea98,exposed,2020-07-08,15,Generic Smartphone,6,Chrome Mobile,1
b211f7b9-f7da-4e78-8ffb-bf9ea17af88f,exposed,2020-07-04,13,Generic Smartphone,6,Chrome Mobile,1
b259cb89-63b5-4239-9bcb-84f19e681c50,exposed,2020-07-03,2,Generic Smartphone,6,Chrome Mobile,1
b266d009-41a6-4d57-9a12-aa28fe724091,exposed,2020-07-08,20,Generic Smartphone,6,Chrome Mobile,1
b2d3a947-8481-44f5-928a-aa08526bf69c,exposed,2020-07-09,3,Generic Smartphone,6,Chrome Mobile,1
b2daef31-9b6c-4577-a426-233da40fa8d8,exposed,2020-07-03,7,TA-1033,6,Chrome Mobile WebView,1
b334a6b5-2ce7-4e9a-9215-4bc7c560578a,exposed,2020-07-08,20,Generic Smartphone,6,Chrome Mobile,1
b48c5ed5-8810-4dc0-ae42-086544d0ed9c,exposed,2020-07-03,13,Generic Smartphone,6,Chrome Mobile,1
b4eba3d3-4308-4ec3-a91f-ccbc76408353,exposed,2020-07-05,12,Samsung SM-G960F,6,Facebook,1
b4f2fe23-ce2e-4b8f-ae93-4314aac8866b,exposed,2020-07-10,6,Generic Smartphone,6,Chrome Mobile,1
b53b982f-5bf2-4b71-b04e-f97107f07e6d,exposed,2020-07-09,13,Pixel 3a,6,Chrome Mobile WebView,1
b62683b9-dd40-4825-a97f-3c999dd85247,exposed,2020-07-05,18,Generic Smartphone,6,Chrome Mobile,1
b7b15234-78e7-4631-9c02-ba0808686c6b,exposed,2020-07-08,14,Samsung SM-G960F,6,Chrome Mobile WebView,1
b84ee86d-aee1-4f0f-84f7-4820eba84c29,exposed,2020-07-07,1,Samsung SM-N976B,6,Chrome Mobile WebView,1
b959842f-de5a-43c2-8d15-4b0d5a7914b7,exposed,2020-07-10,2,Generic Smartphone,6,Chrome Mobile,1
baaecbb8-1ee4-4fe0-8fd3-5d273cef8c4d,exposed,2020-07-03,6,Generic Smartphone,6,Chrome Mobile,1
bc2e2abf-50d9-4c83-898c-405f60c2924c,exposed,2020-07-10,0,Samsung SM-A202F,6,Chrome Mobile WebView,1
bc31e71b-9e4b-4212-a9b4-9e637093c86e,exposed,2020-07-08,16,Generic Smartphone,6,Chrome Mobile,1
bc58ae09-99ec-4b81-8fd8-c19ec8c619c8,exposed,2020-07-09,8,Generic Smartphone,6,Chrome Mobile,1
bdb87f74-b7ed-42bb-9f8e-9efe55cb25d6,exposed,2020-07-05,15,Generic Smartphone,6,Chrome Mobile,1
bdf43d25-fd7d-482e-a383-46b217cede7d,exposed,2020-07-06,9,Generic Smartphone,6,Chrome Mobile,1
be372afe-82ca-4989-9270-ffa4c9440668,exposed,2020-07-04,17,Samsung SM-G975F,6,Samsung Internet,1
be9dc042-16cf-449b-a0d6-03bc46c1f18b,exposed,2020-07-08,19,Generic Smartphone,6,Chrome Mobile,1
bfd36764-0f2e-43ea-98f4-cb238a26f861,exposed,2020-07-06,4,Generic Smartphone,6,Chrome Mobile,1
c03a506f-92e4-41e1-8859-841d21f18349,exposed,2020-07-04,6,Samsung SM-G965F,6,Chrome Mobile WebView,1
c074bfa9-6232-417e-9861-d9522b69689e,exposed,2020-07-07,10,Generic Smartphone,6,Chrome Mobile,1
c080c340-5287-44b3-9469-ffc4b4889cec,exposed,2020-07-09,20,Generic Smartphone,6,Chrome Mobile,1
c0cd6b96-dfd3-4ccc-bbeb-435330a05dc2,exposed,2020-07-03,12,OnePlus ONEPLUS A6013,6,Chrome Mobile WebView,1
c0cf2c7f-29e3-4e0d-a9b5-353039067a09,exposed,2020-07-04,2,ANE-LX1,6,Facebook,1
c0d68612-6d17-4522-aeac-afb99a656c3b,exposed,2020-07-08,20,Generic Smartphone,6,Chrome Mobile,1
c0fad09f-ccdd-45b0-a658-6e9f43739e80,exposed,2020-07-03,10,Samsung SM-G970F,6,Chrome Mobile WebView,1
c178af51-515b-403a-ac28-afa6ef929b4a,exposed,2020-07-03,8,Samsung SM-G770F,6,Chrome Mobile WebView,1
c2187476-c996-4aa7-8cb3-ad2cc32d4125,exposed,2020-07-04,7,Generic Smartphone,6,Chrome Mobile,1
c479f738-e733-4ba6-abf7-961d0112febf,exposed,2020-07-09,9,Generic Smartphone,6,Chrome Mobile WebView,1
c52dc0bf-7d4e-4ad0-b0ec-17379911c7fd,exposed,2020-07-04,8,Samsung SM-J530F,6,Samsung Internet,1
c6c8b746-4586-4144-bc2e-304bdb484b95,exposed,2020-07-07,13,Generic Smartphone,6,Chrome Mobile WebView,1
c774d3d8-a33a-478b-9a1e-7c770d02fe8f,exposed,2020-07-10,9,Generic Smartphone,6,Facebook,1
c7e9536f-9816-4226-a2d9-227782e9c0ca,exposed,2020-07-08,20,Samsung SM-J320FN,6,Samsung Internet,1
c86909ec-fbba-45f6-b3f9-ed145d4f9349,exposed,2020-07-05,12,Generic Smartphone,6,Chrome Mobile,1
c9724455-1fa6-4164-b4c8-3d13aa94b3ef,exposed,2020-07-03,7,Generic Smartphone,6,Chrome Mobile,1
cb900a89-a572-43e0-a342-2555ea0a58af,exposed,2020-07-07,9,Generic Smartphone,6,Chrome Mobile WebView,1
cba4999f-c1ab-43e2-b1ee-4e7bb9ff5251,exposed,2020-07-09,21,Samsung SM-G960F,6,Chrome Mobile WebView,1
cc079e1e-1a13-4569-adbc-7747ab65a712,exposed,2020-07-08,16,Samsung SM-G965F,6,Chrome Mobile WebView,1
cc5dcc73-6b42-4dd9-a43c-5cbea6428bbb,exposed,2020-07-06,6,Generic Smartphone,6,Chrome Mobile,1
ce0979fe-adb6-4693-bdbe-b7d655ac11dc,exposed,2020-07-03,13,Generic Smartphone,6,Chrome Mobile,1
d0f0358c-3fac-4c5e-91d7-8685354423cb,exposed,2020-07-04,20,Generic Smartphone,6,Chrome Mobile WebView,1
d32a7a8c-f2b9-4145-9f3b-070a8f78126b,exposed,2020-07-09,0,HTC One $2,6,Chrome Mobile,1
d3b792a6-d67b-44c0-840a-1f3cd1a00782,exposed,2020-07-06,7,Samsung SM-G950F,6,Facebook,1
d3bad2f2-1619-413b-96c9-460ca19c4ab3,exposed,2020-07-09,0,Samsung SM-A310F,6,Samsung Internet,1
d44bd72b-c808-4545-a3e9-701aea4a1fbb,exposed,2020-07-05,6,Generic Smartphone,6,Chrome Mobile,1
d46c2393-0d7c-413c-ba62-1ea239f0506a,exposed,2020-07-09,18,Generic Smartphone,6,Chrome Mobile,1
d4cc37bf-1057-4ef7-b326-d3f921038648,exposed,2020-07-03,0,Generic Smartphone,6,Chrome Mobile WebView,1
d5ff5e67-bbe1-43cf-9e12-1b18b27fd009,exposed,2020-07-09,20,Generic Smartphone,6,Chrome Mobile,1
d6312ee2-ee20-4ee7-9641-0d10a2435acb,exposed,2020-07-08,20,Samsung SM-A505FN,6,Chrome Mobile WebView,1
d8fe46a8-c1b8-4a07-9c79-77c1a6bbd2ff,exposed,2020-07-03,14,Generic Smartphone,6,Chrome Mobile,1
d916efd9-631e-40aa-b2ec-e6fbeb2fcb7a,exposed,2020-07-06,4,Samsung SM-G920F,6,Chrome Mobile WebView,1
d97c5289-6836-426d-a402-6aac1fec97a9,exposed,2020-07-03,13,OnePlus ONEPLUS A3000,6,Chrome Mobile WebView,1
d9ed55eb-70bd-4945-b19f-0b4d05169f7a,exposed,2020-07-04,7,FIG-LX1,6,Chrome Mobile WebView,1
da8b2153-3118-4c2a-bee1-ead1f31cb6a7,exposed,2020-07-05,18,Samsung SM-J530F,6,Samsung Internet,1
dbb2a996-a218-4b0d-8099-bfade97f7d05,exposed,2020-07-07,21,Pixel 3,6,Chrome Mobile WebView,1
dc147227-498c-4d01-aa99-7511fc507bb4,exposed,2020-07-03,1,Samsung SM-A530F,6,Chrome Mobile WebView,1
dc31d745-f6fe-45d8-8db8-9bf7450a4f9c,exposed,2020-07-06,3,Generic Smartphone,6,Chrome Mobile,1
dc416fc9-8ad3-4100-8bcf-881607286a57,exposed,2020-07-05,14,Samsung SM-A202F,6,Samsung Internet,1
dcdbd941-3a00-43a3-9bfb-de2774ee2f41,exposed,2020-07-07,7,Generic Smartphone,6,Chrome Mobile,1
dd5b63f1-b5a3-4b6b-a894-8510452b62d5,exposed,2020-07-07,13,Samsung SM-A600FN,6,Facebook,1
dd9ea913-2007-4588-a726-052054b25c5d,exposed,2020-07-08,18,Generic Smartphone,6,Chrome Mobile,1
dde8073d-6d3f-4fed-8680-af04d129f24b,exposed,2020-07-03,8,Generic Smartphone,6,Chrome Mobile,1
dea1c55e-23e0-4550-82b9-08f8b0d6470d,exposed,2020-07-04,20,Generic Smartphone,6,Chrome Mobile,1
df4d2ed4-9596-4f3d-b587-4d9834187c75,exposed,2020-07-06,9,Generic Smartphone,6,Chrome Mobile,1
e2353ca7-e537-4901-a239-7fc449a35859,exposed,2020-07-05,14,LG-$2,6,Chrome Mobile WebView,1
e245e216-96e1-4ef9-8be7-7b3b4a9ee2a6,exposed,2020-07-09,10,Samsung SM-G955F,6,Samsung Internet,1
e361839d-bee0-4b2a-b0e4-c0a5c0da27a8,exposed,2020-07-04,18,Generic Smartphone,6,Chrome Mobile,1
e373d3d0-5aad-41f7-af4f-0d892b2f9cc3,exposed,2020-07-08,7,Samsung SM-N976B,6,Facebook,1
e5975f20-2ec5-469a-b3e1-8a470a1773de,exposed,2020-07-09,8,Samsung SM-G970F,6,Chrome Mobile WebView,1
e5ac5069-a790-4720-9601-a2b294407084,exposed,2020-07-08,7,Generic Smartphone,6,Chrome Mobile,1
e5cd050e-c4a3-478e-a728-8f479f2707f1,exposed,2020-07-09,23,Generic Smartphone,6,Chrome Mobile,1
e5cd08cc-7bbb-4a0a-a7ae-3ac6e612454e,exposed,2020-07-03,10,Samsung SM-J500FN,6,Chrome Mobile WebView,1
e5ebfe87-1d9a-4eb0-8391-658ad37d78af,exposed,2020-07-09,20,Generic Smartphone,6,Chrome Mobile,1
e7402a4d-6105-4a2e-a41c-54f542eb4e2e,exposed,2020-07-05,19,Samsung SM-A505FN,6,Chrome Mobile WebView,1
e742e835-021d-49b0-9f48-0b22e6ba29c0,exposed,2020-07-10,5,Samsung SM-G965F,6,Chrome Mobile WebView,1
e82e47bd-cbad-4994-8c80-0b34290db6bd,exposed,2020-07-10,8,Generic Smartphone,6,Chrome Mobile,1
e98c0f86-865a-4a62-be30-709dc697e713,exposed,2020-07-03,7,Generic Smartphone,6,Chrome Mobile,1
eab088f9-0e83-4b76-a67d-08c7d633cfb5,exposed,2020-07-06,8,Pixel 3a,6,Chrome Mobile WebView,1
ed1721f1-5cf4-4359-b135-8f3dc8de93f5,exposed,2020-07-06,2,Nokia undefined$2$3,6,Chrome Mobile,1
ee3dcce0-aa18-4363-8c62-58e6047cdfcf,exposed,2020-07-10,4,Samsung SM-N960F,6,Chrome Mobile WebView,1
eea7fc57-718e-41e9-8207-dea190f3e830,exposed,2020-07-05,3,Generic Smartphone,6,Chrome Mobile,1
eeeabe32-c67a-447d-a9ca-73227cf585e1,exposed,2020-07-09,21,Generic Smartphone,6,Chrome Mobile,1
ef0ff281-de86-44a5-82a7-a6d857beeff9,exposed,2020-07-10,4,Generic Smartphone,6,Chrome Mobile,1
f0968c04-65e7-448b-b0fe-ce7f6a5e790f,exposed,2020-07-09,17,Generic Smartphone,6,Chrome Mobile,1
f0e7fb7e-636a-492a-9666-0a6db8b2fa03,exposed,2020-07-09,9,Generic Smartphone,6,Chrome Mobile,1
f1a83cc4-2092-473f-b1e3-605b4fd9e854,exposed,2020-07-07,13,Samsung SM-A202F,6,Chrome Mobile WebView,1
f21deda7-323d-4bf6-aa06-54da6d562a2a,exposed,2020-07-04,13,VCE-L22,6,Facebook,1
f260f426-dbf1-4d15-ac85-78a2b7cf6ea7,exposed,2020-07-09,21,Generic Smartphone,6,Chrome Mobile WebView,1
f3a0afa6-0f90-489f-b577-78f6e0c044d3,exposed,2020-07-07,20,Samsung SM-G970F,6,Chrome Mobile WebView,1
f3c258ea-2363-4645-80ef-e2383a04f509,exposed,2020-07-09,8,Generic Smartphone,6,Chrome Mobile,1
f49a6027-3cdb-4a1f-b866-ae24241858b2,exposed,2020-07-09,13,Generic Smartphone,6,Chrome Mobile,1
f55effb2-dbb4-4d95-b759-668829ec3ae2,exposed,2020-07-08,4,Samsung SM-J530F,6,Samsung Internet,1
f6b7f0e9-7bb1-4c46-ac29-359e872de73d,exposed,2020-07-09,17,Samsung SM-G975F,6,Chrome Mobile WebView,1
f742b01c-8bde-49bf-b2fe-fbe54e7e0092,exposed,2020-07-04,1,Generic Smartphone,6,Chrome Mobile,1
f75afe50-26e3-4350-8f09-a3a28392664c,exposed,2020-07-03,8,Samsung SM-J530F,6,Chrome Mobile WebView,1
f78ed1d8-93e5-48ad-b289-4135095cf53e,exposed,2020-07-03,2,Samsung SM-A105FN,6,Samsung Internet,1
f7a54656-1e95-4cc4-92f0-da075d232b4b,exposed,2020-07-05,13,Samsung SM-G950F,6,Chrome Mobile WebView,1
f85cf471-377c-4f3a-8c85-a3e8e68a7146,exposed,2020-07-06,4,Generic Smartphone,6,Chrome Mobile,1
fa032637-420a-4b6a-a610-22d323341966,exposed,2020-07-05,10,Samsung SM-G950F,6,Chrome Mobile WebView,1
faa699e5-7c95-4661-b910-2fb7920cedbb,exposed,2020-07-04,13,VOG-L29,6,Chrome Mobile WebView,1
fbf55f01-5e12-417e-b3e9-3efdf4148f96,exposed,2020-07-04,6,Generic Smartphone,6,Chrome Mobile WebView,1
fdbde53d-47f9-4271-bcf3-0ed4efa140b9,exposed,2020-07-09,4,Generic Smartphone,6,Chrome Mobile WebView,1
fee7da61-84fe-451b-95f4-ba2523fa987d,exposed,2020-07-09,14,Generic Smartphone,6,Chrome Mobile,1
ff82e341-b72c-4531-b87e-1e11dc35d3fc,exposed,2020-07-10,8,Samsung SM-G973F,6,Samsung Internet,1
ffa08ff9-a132-4051-aef5-01a9c79367bc,exposed,2020-07-05,21,Generic Smartphone,6,Chrome Mobile,1
ffb176df-ecd2-45d3-b05f-05b173a093a7,exposed,2020-07-04,1,Generic Smartphone,6,Chrome Mobile,1
0016d14a-ae18-4a02-a204-6ba53b52f2ed,exposed,2020-07-05,2,E5823,6,Chrome Mobile WebView,0
00a1384a-5118-4d1b-925b-6cdada50318d,exposed,2020-07-06,8,Generic Smartphone,6,Chrome Mobile,0
013e45cf-e388-46a4-9c5b-a34303613940,exposed,2020-07-10,2,Generic Smartphone,6,Chrome Mobile,0
01905bae-fc59-475e-b2b4-09b78163c961,exposed,2020-07-05,6,I3312,6,Chrome Mobile WebView,0
01d44c23-d255-4ff4-ae23-752834801bc8,exposed,2020-07-03,14,Generic Smartphone,6,Chrome Mobile,0
02a9eba3-58b0-4759-b3ae-68a19cb2b59e,exposed,2020-07-09,20,Moto $2,6,Chrome Mobile WebView,0
030f8197-4daa-4584-a43a-a5805d6947e4,exposed,2020-07-08,20,Generic Smartphone,6,Chrome Mobile,0
0365730f-39d3-461d-b7a5-dadffa0b2884,exposed,2020-07-09,8,Generic Smartphone,6,Chrome Mobile,0
0429d8ae-374e-46e8-83a6-eba1c36aefb1,exposed,2020-07-05,19,Generic Smartphone,6,Chrome Mobile,0
04535742-676d-4e9f-a62c-aa5bda8c46a1,exposed,2020-07-10,5,Generic Smartphone,6,Chrome Mobile,0
06bb6061-5e5e-4cd7-a03b-8df818a990b5,exposed,2020-07-05,0,Generic Smartphone,6,Chrome Mobile WebView,0
06cf1733-06d1-4c7c-a429-2312177166a2,exposed,2020-07-09,20,Samsung SM-G950F,6,Samsung Internet,0
07a2012e-c818-4bbc-a0ac-dce37efb1067,exposed,2020-07-05,6,Samsung SM-G960F,6,Facebook,0
07a8e25b-4bca-494d-a6d1-b06c11ff5532,exposed,2020-07-07,3,Samsung SM-N960F,6,Samsung Internet,0
08d3e8fe-cf14-4a1d-8097-9965d4596104,exposed,2020-07-09,19,VOG-L09,6,Facebook,0
09cc0f8a-88c5-4888-b6d7-f8d388acc444,exposed,2020-07-04,5,Samsung SM-G960F,6,Chrome Mobile WebView,0
0ad6d944-b1d2-472b-96f4-b99f451b28c1,exposed,2020-07-08,22,Generic Smartphone,6,Chrome Mobile,0
0b3e05e0-b0e0-4815-9a22-3fd4552f4883,exposed,2020-07-08,21,Generic Smartphone,6,Chrome Mobile WebView,0
0c6da1d9-28fe-4cd7-8027-cebb466b611a,exposed,2020-07-10,16,Generic Smartphone,6,Chrome Mobile,0
0cbd75c3-3935-4a60-aa51-6342739f27b9,exposed,2020-07-10,2,Samsung SM-G950F,6,Facebook,0
0d4b1f54-961d-4d15-bef9-7c53356e14ff,exposed,2020-07-09,0,Samsung SM-A705FN,6,Samsung Internet,0
0d5ed6c8-5b5f-4219-aa96-6e80d9aca7cd,exposed,2020-07-09,14,Generic Smartphone,6,Chrome Mobile,0
0e08a41e-2430-428f-ba2f-4d687ca8f377,exposed,2020-07-09,8,Generic Smartphone,6,Chrome Mobile,0
11445834-b185-4edf-8e25-cfb49fb7b0e3,exposed,2020-07-03,10,Generic Smartphone,6,Chrome Mobile,0
142bd98d-e577-4880-b041-13a9a9a4bb97,exposed,2020-07-08,17,Generic Smartphone,6,Chrome Mobile,0
14ad2c1c-3e57-4589-9376-d5e33a442152,exposed,2020-07-03,0,Generic Smartphone,6,Chrome Mobile,0
15bbbcc4-056e-487c-91f0-7a98aaf32bd3,exposed,2020-07-09,16,Generic Smartphone,6,Chrome Mobile,0
1630d073-e2bd-4748-9e20-32c6a2f77bdc,exposed,2020-07-10,12,Generic Smartphone,6,Chrome Mobile,0
171ef6d0-384d-4ee7-a9a6-0f46878bb87b,exposed,2020-07-05,11,Generic Smartphone,6,Chrome Mobile WebView,0
186a98dd-5db8-4f75-8ec3-272200e3df6b,exposed,2020-07-04,10,Generic Smartphone,6,Chrome Mobile,0
188bb5f4-f591-47ff-aaec-3756b0ce2ea5,exposed,2020-07-09,6,I3312,6,Chrome Mobile WebView,0
18c91749-afe9-4495-a39b-642f26481b1e,exposed,2020-07-10,5,Moto $2,6,Chrome Mobile WebView,0
18eadc05-4e34-4138-a327-fcc0835c5a13,exposed,2020-07-09,19,HTC 10,6,Chrome Mobile,0
19548e79-bf25-4570-b8ca-54e8e28590f0,exposed,2020-07-03,1,Generic Smartphone,6,Chrome Mobile,0
19ba8dc7-b5e2-4d2d-9eeb-33c40d2fbaa6,exposed,2020-07-03,12,VOG-L29,6,Facebook,0
19cf6084-4e5e-42b6-866b-91221995f5e3,exposed,2020-07-05,19,Generic Smartphone,6,Chrome Mobile,0
1b08c023-6b5a-4652-9cae-8c5895951d54,exposed,2020-07-04,9,Generic Smartphone,6,Chrome Mobile,0
1b35d5f4-08bb-44f2-a091-41216b37e6df,exposed,2020-07-06,7,Samsung SM-G981B,6,Facebook,0
1ca3b4fd-023e-449b-b6d0-c1d015d48e04,exposed,2020-07-06,3,Generic Smartphone,6,Chrome Mobile,0
1cbbcee2-b6e9-47b3-aa09-59c280d6b14f,exposed,2020-07-08,20,Generic Smartphone,6,Chrome Mobile,0
1d4ecd52-4063-43b8-83ae-c1e75d3e6b6e,exposed,2020-07-08,5,ELE-L29,6,Facebook,0
1ecaf084-2efd-4824-a414-13204e3e418c,exposed,2020-07-08,17,Samsung SM-G955F,6,Chrome Mobile WebView,0
1f0c7f13-22ac-4250-bfeb-5fc331ae0c29,exposed,2020-07-05,8,Generic Smartphone,6,Chrome Mobile,0
1faec8ad-6d96-4915-bd9f-74ae5b21e19f,exposed,2020-07-08,7,Samsung SM-A920F,6,Samsung Internet,0
20b57613-7e8e-4d9a-9125-3ef09e61c903,exposed,2020-07-05,22,Samsung SM-A520F,6,Chrome Mobile WebView,0
21e1edd7-203b-4730-93fd-021074bd5e3a,exposed,2020-07-04,16,Samsung SM-G900F,6,Chrome Mobile WebView,0
21fd0c48-173e-4b1a-ab4f-ba8bc647576a,exposed,2020-07-09,13,Generic Smartphone,6,Chrome Mobile,0
22bd20bf-4ab6-4be8-a28a-2637551aa2e7,exposed,2020-07-08,16,Generic Smartphone,6,Chrome Mobile,0
23b2028c-72ed-43b3-a2d7-d772b2d4d478,exposed,2020-07-03,8,iPhone,5,Mobile Safari,0
26a031c0-d137-4ea7-813a-513831409aaa,exposed,2020-07-03,7,LYA-L09,6,Chrome Mobile WebView,0
26e9e802-28e6-4f53-8cdd-74720e7345ce,exposed,2020-07-09,9,Generic Smartphone,6,Chrome Mobile WebView,0
284aa64e-2958-4b95-bc5d-d47b298d0ec4,exposed,2020-07-05,7,Generic Smartphone,6,Chrome Mobile,0
285e08bd-a53d-40e6-a44a-88820ee223dc,exposed,2020-07-04,2,Generic Smartphone,6,Chrome Mobile,0
29a3fb95-9181-4448-83dc-a656cb6a6f1c,exposed,2020-07-03,2,Nokia undefined$2$3,6,Chrome Mobile,0
29aaa36d-ba5d-465e-bcf9-7cdfa14cd771,exposed,2020-07-08,18,Samsung SM-G950F,6,Chrome Mobile WebView,0
2ace6da4-d39b-48c0-9d51-36ce3c52f32b,exposed,2020-07-05,4,MAR-LX1A,6,Chrome Mobile WebView,0
2d425dc0-4158-42b0-8689-e7c63d726930,exposed,2020-07-10,2,Nokia$2$3,6,Chrome Mobile WebView,0
2dcd3f0c-9e9a-4a36-bb68-4b8e6408314a,exposed,2020-07-10,9,Generic Smartphone,6,Chrome Mobile,0
30465d03-242f-44c0-b024-f510654a7488,exposed,2020-07-05,16,Generic Smartphone,6,Chrome Mobile WebView,0
30f2696e-5351-41dd-b2c6-4429b8d256d6,exposed,2020-07-09,6,Generic Smartphone,6,Chrome Mobile,0
33a6fe42-961e-4f91-abd3-215ee08d1773,exposed,2020-07-08,15,VOG-L29,6,Facebook,0
3494772e-636a-4981-a3c7-c20f61b9a2d4,exposed,2020-07-10,1,Generic Smartphone,6,Chrome Mobile,0
36355037-f07b-4ee1-af6f-441dc51b9f6e,exposed,2020-07-07,11,Generic Smartphone,6,Chrome Mobile,0
38718045-df8c-42d9-8c48-efc75064dd32,exposed,2020-07-09,13,Generic Smartphone,6,Facebook,0
38754eae-ffaf-4ac0-84df-b99dcd2aa37e,exposed,2020-07-05,12,Generic Smartphone,6,Chrome Mobile,0
3a0bba9e-f3de-48c8-9493-97ce9c188640,exposed,2020-07-07,20,Samsung SM-N960F,6,Chrome Mobile WebView,0
3b4d9f4d-1331-40ad-bf0d-dd7857719ebd,exposed,2020-07-09,11,Generic Smartphone,6,Chrome Mobile,0
3b9d490b-12e9-4e9c-bdaf-3a02246cd975,exposed,2020-07-10,1,HTC U12+,6,Chrome Mobile,0
3bfebf58-e963-473c-81b0-8bbddf5ac471,exposed,2020-07-06,3,Generic Smartphone,6,Chrome Mobile,0
3cd724ed-f75d-4a0e-bf84-f17d9c9da14a,exposed,2020-07-08,16,Samsung SM-A105FN,6,Chrome Mobile WebView,0
3cfa4d93-6459-42f1-963b-7d3215bf3711,exposed,2020-07-08,15,Generic Smartphone,6,Chrome Mobile WebView,0
3d8f2180-0787-40a7-9566-62d16f672882,exposed,2020-07-09,4,Samsung SM-G975F,6,Chrome Mobile WebView,0
3dd09b49-9b11-45bd-ab0d-e279a8e5edc7,exposed,2020-07-03,0,Generic Smartphone,6,Chrome Mobile,0
3e1e719b-9f7d-4df2-bdf8-285f9284abe8,exposed,2020-07-06,1,Generic Smartphone,6,Chrome Mobile,0
3e23e4ea-19eb-4dc8-813b-065a3a44bf7f,exposed,2020-07-03,7,Generic Smartphone,6,Chrome Mobile,0
3e783941-5ac5-4c10-880e-d737afe2c008,exposed,2020-07-03,7,Generic Smartphone,6,Chrome Mobile,0
3e829ea4-de0b-4c91-80aa-5a9572975f75,exposed,2020-07-03,1,Samsung SM-J330FN,6,Samsung Internet,0
3f1aff10-8d95-485d-96ef-9809ce0e856f,exposed,2020-07-04,7,Generic Smartphone,6,Chrome Mobile,0
408d0f9a-51de-4603-aa29-278ddba29be8,exposed,2020-07-03,10,Samsung SM-G973F,6,Samsung Internet,0
418b746d-589a-4fc6-ac15-3831afa95d0e,exposed,2020-07-05,17,Generic Smartphone,6,Chrome Mobile,0
422f1a84-afd8-48b1-af6e-0bea20fefe02,exposed,2020-07-09,8,Generic Smartphone,6,Chrome Mobile,0
4369a918-b098-47e6-aa1e-28ea00b53aaa,exposed,2020-07-09,5,Generic Smartphone,6,Chrome Mobile,0
43d33a5a-a693-4fc0-8928-f5390113b6f8,exposed,2020-07-08,19,Generic Smartphone,6,Chrome Mobile,0
44c43a7f-cdda-4df9-a197-bb624eff2e19,exposed,2020-07-04,13,Samsung SM-G950F,6,Facebook,0
45e947eb-4da1-4233-9d59-312fa218bd50,exposed,2020-07-08,20,Samsung SM-J510FN,6,Samsung Internet,0
461b5f81-361f-41c0-b38b-dd34f671ab5a,exposed,2020-07-05,10,Generic Smartphone,6,Chrome Mobile,0
46906f5a-d536-4d58-99af-e27e02695afe,exposed,2020-07-08,18,Generic Smartphone,6,Chrome Mobile,0
47423a2f-ea25-4892-aa5d-8d0d3f55c701,exposed,2020-07-03,9,Generic Smartphone,6,Chrome Mobile WebView,0
4796d66c-1849-4a31-bb38-75b0d41d566c,exposed,2020-07-06,9,Generic Smartphone,6,Chrome Mobile,0
47a3ea57-c9d7-4fcc-926d-1ca81b2a9c1c,exposed,2020-07-10,3,Generic Smartphone,6,Chrome Mobile WebView,0
4958d8ee-f825-491d-9fd4-5fdf00a9ca16,exposed,2020-07-08,15,SNE-LX1,6,Facebook,0
497650e4-6423-4762-8ac3-f0456199458b,exposed,2020-07-04,2,Generic Smartphone,6,Chrome Mobile WebView,0
49cc73ea-cb7a-4fde-a5b4-a98a494cefee,exposed,2020-07-06,7,Samsung SM-G960F,6,Samsung Internet,0
4a251a62-7a4a-4247-8aa9-0a928ea50852,exposed,2020-07-04,16,Samsung SM-G935F,6,Samsung Internet,0
4af11910-53a2-4a1d-a67f-a7fd53d6a8d7,exposed,2020-07-05,12,Generic Smartphone,6,Chrome Mobile,0
4d658cfa-53b6-4efe-b38a-b48504c45511,exposed,2020-07-07,2,Generic Smartphone,6,Chrome Mobile,0
4d6afa17-1d75-4102-b31b-7d38fae44b24,exposed,2020-07-09,8,Generic Smartphone,6,Chrome Mobile WebView,0
4e013f88-ee69-49b8-955d-c661d491a450,exposed,2020-07-07,17,Samsung SM-G980F,6,Samsung Internet,0
4e0c6839-9da6-4291-a45c-31e0bda501a8,exposed,2020-07-04,8,Generic Smartphone,6,Chrome Mobile,0
4e740c8f-b915-4f1b-8432-b5a71186053e,exposed,2020-07-08,16,Generic Smartphone,6,Chrome Mobile WebView,0
4ebdf633-b593-4ea7-ba5e-b185d3044a8d,exposed,2020-07-09,10,Samsung SM-G935F,6,Facebook,0
4f071343-3271-4bac-906b-ba3cd6b9f15b,exposed,2020-07-05,7,LG-$2,6,Chrome Mobile WebView,0
4fb02ea5-9b40-458f-aeb6-7909f7089414,exposed,2020-07-09,15,Generic Smartphone,6,Chrome Mobile,0
4fc63d39-781c-4976-9ffb-f4e719672add,exposed,2020-07-03,10,Samsung SM-G975F,6,Chrome Mobile WebView,0
503b0496-37a7-4344-ad59-e1562791ae47,exposed,2020-07-09,0,Generic Smartphone,6,Chrome Mobile,0
505f1a22-7263-41da-88d2-5b58eec19761,exposed,2020-07-10,11,Generic Smartphone,6,Chrome Mobile,0
508339a8-7ce3-4af6-8915-c7ecec83fc81,exposed,2020-07-04,4,Generic Smartphone,6,Chrome Mobile WebView,0
508ccd3a-35a8-4e45-a77d-d9091ab86cdb,exposed,2020-07-05,8,Generic Smartphone,6,Chrome Mobile,0
512b92ea-ed2e-4667-8bbe-d5d821c835bb,exposed,2020-07-08,15,Generic Smartphone,6,Chrome Mobile,0
516788c6-1843-47f7-b6e1-2ad22a5d1735,exposed,2020-07-10,3,Generic Smartphone,6,Chrome Mobile,0
52a660e1-988f-4f0b-bc04-4e5b2ab83e0f,exposed,2020-07-09,8,MRD-LX1,6,Chrome Mobile WebView,0
52eebe05-9c77-43b5-8dd5-b6e0c789b831,exposed,2020-07-08,18,Samsung SM-G965U1,6,Facebook,0
52f3f895-0211-43e5-8560-d6019ff8f042,exposed,2020-07-03,8,Generic Smartphone,6,Chrome Mobile,0
538f31a8-21cf-48eb-be4f-a879f6a9bbd3,exposed,2020-07-04,3,Generic Smartphone,6,Chrome Mobile,0
540e3a27-c754-469c-8e53-ee2ee81275fb,exposed,2020-07-09,14,Nokia$2$3,6,Chrome Mobile WebView,0
542419da-d4e5-450d-b6fa-012c02e6d2ef,exposed,2020-07-09,11,Generic Smartphone,6,Chrome Mobile,0
54586d12-4604-4da9-b169-92b7f40a7dda,exposed,2020-07-04,10,Samsung SM-G900F,6,Chrome Mobile WebView,0
54d074db-722b-4c73-9501-0f2175257d2b,exposed,2020-07-06,3,Generic Smartphone,6,Chrome Mobile,0
55d8dd33-e03b-4e07-9583-b5f7079e28ae,exposed,2020-07-09,16,Generic Smartphone,6,Chrome Mobile,0
56237354-3a8d-4856-afe5-1ed8bd0b9990,exposed,2020-07-03,7,Generic Smartphone,6,Chrome Mobile,0
577d8982-42dc-401d-8fc3-56e394a96782,exposed,2020-07-09,16,Generic Smartphone,6,Chrome Mobile,0
582427c7-1aa4-4ecc-95c6-d6fdb3980a4c,exposed,2020-07-07,0,Moto $2,6,Chrome Mobile WebView,0
5aacbe2c-080f-4542-a289-2f147fa71606,exposed,2020-07-03,9,Generic Smartphone,6,Chrome Mobile,0
5b22bcb4-f741-423b-9669-8c67ad123492,exposed,2020-07-09,12,Generic Smartphone,6,Chrome Mobile,0
5c5dbb23-ace5-4f55-a58c-5765edca8ff2,exposed,2020-07-03,14,Generic Smartphone,6,Chrome Mobile,0
5caff4ac-549a-43bd-b822-21e463a23aad,exposed,2020-07-05,8,Samsung SM-G960F,6,Samsung Internet,0
5d1ef0a2-ad46-4a78-b8dc-2167e0b44749,exposed,2020-07-07,18,Generic Smartphone,6,Chrome Mobile,0
5e303643-f363-4eb9-8474-7600c6e1faef,exposed,2020-07-05,15,Samsung SM-A105FN,6,Samsung Internet,0
5e398ffb-e595-40fb-8fe9-8fd879b0df2e,exposed,2020-07-09,17,Generic Smartphone,6,Chrome Mobile,0
5ea41fda-8d34-43cd-ad39-66b51e24e274,exposed,2020-07-08,7,Samsung SM-N960F,6,Chrome Mobile WebView,0
5ed6128d-b8fd-4a33-95bf-8c7a5d09bea4,exposed,2020-07-08,15,Generic Smartphone,6,Chrome Mobile,0
5f8b891c-ae33-41a3-bd9f-7a8b5238b7ae,exposed,2020-07-07,3,Samsung SM-G973F,6,Samsung Internet,0
604c7a27-a814-41e0-bf6e-d0315beea85c,exposed,2020-07-08,18,Generic Smartphone,6,Chrome Mobile,0
6060009d-20fe-4ecf-bc9f-0a3e1cb5e815,exposed,2020-07-03,11,Generic Smartphone,6,Chrome Mobile,0
6090648b-5010-49e1-b231-024be0fdb7d8,exposed,2020-07-08,22,Samsung SM-G960F,6,Facebook,0
613fee65-7077-4e52-bbb9-4796fa72e386,exposed,2020-07-05,8,Samsung SM-G960F,6,Chrome Mobile,0
621a3141-36fa-48cb-95ff-e400507588fd,exposed,2020-07-04,16,Generic Smartphone,6,Chrome Mobile,0
62d33cb1-7f22-4fac-b6d0-d3ebe3c9191b,exposed,2020-07-05,11,Samsung SM-A320FL,6,Samsung Internet,0
635edce7-bc10-4893-85c4-9add4e778825,exposed,2020-07-08,15,Generic Smartphone,6,Chrome Mobile,0
63b92003-b823-44b6-b5aa-e417668f02ec,exposed,2020-07-05,6,Generic Smartphone,6,Chrome Mobile,0
640467c6-d127-449b-ae10-abe6c2a81cb3,exposed,2020-07-04,14,CLT-L09,6,Facebook,0
648ea43a-e420-4eaf-a436-3033b9c75606,exposed,2020-07-06,9,Generic Smartphone,6,Chrome Mobile,0
64f4838d-5f0d-49a1-be79-f261ec4d8ddd,exposed,2020-07-04,17,Generic Smartphone,6,Chrome Mobile,0
655f3c0a-ca69-43ec-84e9-7a9138dc2b5b,exposed,2020-07-10,12,Samsung $2,6,Samsung Internet,0
6582a42c-eb5a-4b7d-bc4a-55422511fcab,exposed,2020-07-10,16,Generic Smartphone,6,Chrome Mobile,0
65a6216b-e820-4dba-a93a-b7faea563ed5,exposed,2020-07-07,14,Generic Smartphone,6,Chrome Mobile WebView,0
66018aa0-7f55-4a69-a9e6-e0728354cc29,exposed,2020-07-04,19,Generic Smartphone,6,Chrome Mobile,0
665b1da1-7c18-4533-9377-00f527decd8a,exposed,2020-07-09,20,Samsung SM-A705FN,6,Facebook,0
676e8827-83ba-4ab5-a452-dc4c794e5dbf,exposed,2020-07-09,11,Generic Smartphone,6,Chrome Mobile,0
6879270b-186f-4af8-af37-9828a54db8e3,exposed,2020-07-03,12,Generic Smartphone,6,Chrome Mobile,0
69d9c967-9d31-4309-95b3-791766ab5a1f,exposed,2020-07-05,0,Generic Smartphone,6,Chrome Mobile,0
6a1411c4-923a-4cb5-80e7-1042c27e61fb,exposed,2020-07-03,10,Generic Smartphone,6,Chrome Mobile,0
6a3e319e-5c3e-488f-a158-b075cb5f6591,exposed,2020-07-03,11,Generic Smartphone,6,Chrome Mobile,0
6b21d95b-178f-445a-8810-d7acdac10e5d,exposed,2020-07-03,8,Generic Smartphone,6,Chrome Mobile,0
6ba7eb47-9806-463c-bfe8-955e4db7cf22,exposed,2020-07-09,4,Samsung SM-A202F,6,Chrome Mobile WebView,0
6bdcc691-6df8-4970-a6bd-02d8a13e8103,exposed,2020-07-04,4,Generic Smartphone,6,Chrome Mobile,0
6e0cca4f-9bae-4b9a-9af5-69ca6dccdb69,exposed,2020-07-10,15,Generic Smartphone,6,Chrome Mobile,0
6e150423-c2d2-4001-9107-725799e2f5d6,exposed,2020-07-03,8,Generic Smartphone,6,Chrome Mobile,0
6f1df2d5-1dff-4c1a-949d-2217c81a0fd6,exposed,2020-07-03,10,Samsung SM-A405FN,6,Chrome Mobile WebView,0
70a75975-98e0-4669-8d8c-752a50d40df0,exposed,2020-07-03,9,Samsung SM-N920I,6,Chrome Mobile WebView,0
729e2702-0b19-4514-9221-06b8a02e0498,exposed,2020-07-05,11,Generic Smartphone,6,Chrome Mobile,0
7329ae33-9181-4ab6-bba4-f7423da122f9,exposed,2020-07-05,10,Generic Smartphone,6,Chrome Mobile,0
73f51a9d-5e12-4e02-abea-e3649d3a6adb,exposed,2020-07-08,8,Generic Smartphone,6,Chrome Mobile,0
75f2ff32-6601-4bb2-b53e-0e80d21b5106,exposed,2020-07-03,11,Generic Smartphone,6,Chrome Mobile,0
77b8683b-f545-4153-b100-4d7caa94f2d5,exposed,2020-07-06,7,Generic Smartphone,6,Chrome Mobile,0
78482867-0973-4aac-934d-d01454044dff,exposed,2020-07-04,15,Generic Smartphone,6,Chrome Mobile,0
78e0a3aa-a76f-4e9d-ad56-b62f1f50f96c,exposed,2020-07-04,15,Generic Smartphone,6,Chrome Mobile WebView,0
79931b42-2f45-4e44-aea7-d33c057519b9,exposed,2020-07-06,8,Generic Smartphone,6,Chrome Mobile,0
7994019a-3f73-4ad5-8288-a622859b2445,exposed,2020-07-06,7,Generic Smartphone,6,Chrome Mobile,0
7a93f027-c1fd-43a6-96fd-5d3cd6b57a43,exposed,2020-07-04,8,Generic Smartphone,6,Chrome Mobile WebView,0
7c1ae5db-754d-4c3f-a235-07910680decb,exposed,2020-07-10,15,Samsung SM-G950F,6,Samsung Internet,0
7c484dcc-d619-416b-80a1-2b5995ce0ccf,exposed,2020-07-10,2,Generic Smartphone,6,Chrome Mobile,0
7d1a2e55-40a8-43d0-a073-fee8d1c92bfe,exposed,2020-07-08,19,Generic Smartphone,6,Chrome Mobile,0
7d1e9ec3-57df-4178-9744-aaf580e9879a,exposed,2020-07-09,19,Samsung SM-A105FN,6,Samsung Internet,0
7d6e7872-c491-4fa5-9436-87e13c3e32dc,exposed,2020-07-08,21,Samsung SM-G950F,6,Facebook,0
7ec2fb51-2043-4484-b9a0-a7243846739a,exposed,2020-07-09,21,Samsung SM-G975F,6,Samsung Internet,0
8005c1a2-5c2d-4f96-b2f1-56c8780e7210,exposed,2020-07-05,7,Generic Smartphone,6,Chrome Mobile WebView,0
802cabec-8664-47ea-ab83-6daf691814eb,exposed,2020-07-05,13,Samsung SM-G950F,6,Samsung Internet,0
80f17cff-ca46-423c-9168-25220e4ee33b,exposed,2020-07-06,8,Samsung SM-G950F,6,Chrome Mobile WebView,0
8155078e-5658-4177-9bc5-404127e2d1b9,exposed,2020-07-10,13,Samsung SM-A300FU,6,Chrome Mobile WebView,0
81686c37-f1a6-4a9a-9ef4-a8e14f7ea04b,exposed,2020-07-07,14,Samsung SM-G960F,6,Samsung Internet,0
81917d68-d672-42bd-83dd-a96dba48a64a,exposed,2020-07-09,18,Generic Smartphone,6,Chrome Mobile,0
81f6930f-f944-4372-932c-f648fcf1dcf2,exposed,2020-07-06,5,Samsung SM-A505FN,6,Samsung Internet,0
82a14bc9-b578-4f25-9bef-137c3136a094,exposed,2020-07-03,9,Generic Smartphone,6,Chrome Mobile,0
83e357df-d8eb-4a1a-afb1-798e49aebe06,exposed,2020-07-09,11,POT-LX1,6,Chrome Mobile WebView,0
83e913ff-69cf-4a38-b22b-81bc7d6c8976,exposed,2020-07-08,22,Samsung SM-G980F,6,Facebook,0
846edb68-873e-4821-b0cf-77e6ac15ab08,exposed,2020-07-08,13,Generic Smartphone,6,Chrome Mobile,0
84960ea7-0d40-49cc-b0fa-3f686018730d,exposed,2020-07-04,6,PRA-LX1,6,Chrome Mobile WebView,0
85852946-9916-4032-8858-1479994feefb,exposed,2020-07-09,14,Generic Smartphone,6,Chrome Mobile,0
87cd4889-09fe-4e40-a009-cccad6ab68c9,exposed,2020-07-09,10,Generic Smartphone,6,Chrome Mobile,0
87fbdaef-9c71-4fa6-a675-e90b6c6833d0,exposed,2020-07-08,3,Generic Smartphone,6,Chrome Mobile,0
8800e2cd-984d-4072-a6eb-1fbb597750be,exposed,2020-07-08,5,iPhone,5,Mobile Safari,0
88202ad5-001f-466a-a4b2-e0008a0df167,exposed,2020-07-09,12,Generic Smartphone,6,Chrome Mobile,0
896f1a69-489e-4a97-85d0-267cee43f5bf,exposed,2020-07-10,7,Generic Smartphone,6,Chrome Mobile,0
8adb388e-2c46-413f-91f7-b24dd5dcb7f3,exposed,2020-07-10,1,Generic Smartphone,6,Chrome Mobile,0
8b25c4f8-abaa-4f2c-af60-c280850650b8,exposed,2020-07-10,14,Samsung SM-N960F,6,Samsung Internet,0
8b4215f9-2583-43d5-842f-527739e1cc1f,exposed,2020-07-04,14,Generic Smartphone,6,Chrome Mobile,0
8b551c5c-ac07-483b-b66e-2c4301660bfe,exposed,2020-07-04,14,Generic Smartphone,6,Chrome Mobile,0
8babb589-ab4e-4371-892e-8aca9f852548,exposed,2020-07-09,5,Generic Smartphone,6,Chrome Mobile,0
8c22abe3-1403-4da5-b3c3-24b2fb6986a3,exposed,2020-07-10,1,Generic Smartphone,6,Chrome Mobile,0
8c6bd9c8-b63b-4bfa-a047-023502992d3e,exposed,2020-07-05,7,Generic Smartphone,6,Chrome Mobile,0
8ca5ee31-c6f0-4961-82b7-6ba0dbb904b1,exposed,2020-07-08,18,Generic Smartphone,6,Chrome Mobile,0
8e0e0869-4b64-4f1e-ac8e-ad8355b41820,exposed,2020-07-04,10,Generic Smartphone,6,Chrome Mobile,0
8e548629-62ae-476a-add1-c7844cc9578e,exposed,2020-07-04,9,Samsung SM-A505FN,6,Samsung Internet,0
8e888784-60b7-4655-9a8e-5f3cee1b1cf5,exposed,2020-07-07,9,Samsung SM-G900F,6,Samsung Internet,0
8f0066f3-00b6-4ad3-98d3-745a80b900fe,exposed,2020-07-07,4,Generic Smartphone,6,Chrome Mobile,0
8fcc1807-2048-42c8-be64-e5ce4e00f23d,exposed,2020-07-03,10,EVR-N29,6,Chrome Mobile WebView,0
8fd47d20-07e3-43d2-99b2-f511221037a2,exposed,2020-07-06,5,Generic Smartphone,6,Chrome Mobile,0
8ffad13c-b42c-4495-85a5-03260330c372,exposed,2020-07-05,10,I3312,6,Chrome Mobile WebView,0
9125796f-3306-4a80-a96f-f9fd5445d56f,exposed,2020-07-06,1,Generic Smartphone,6,Chrome Mobile,0
91713b55-9066-4861-b290-7b2174c45bae,exposed,2020-07-05,4,Generic Smartphone,6,Chrome Mobile,0
92b5d593-a8bf-49a0-9bc5-58b78fa5ae37,exposed,2020-07-08,12,Samsung SM-G610F,6,Chrome Mobile WebView,0
937f8a2d-3ca1-4612-8805-269517700964,exposed,2020-07-09,1,Generic Smartphone,6,Chrome Mobile,0
93d7d285-71d3-4bd8-bc83-4def8b69b9af,exposed,2020-07-06,4,Generic Smartphone,6,Chrome Mobile,0
9400e844-8dc2-49f1-875a-c58fbef65a37,exposed,2020-07-04,10,ANE-LX1,6,Chrome Mobile WebView,0
94217fb4-06db-43b2-a9fe-504e2a284f85,exposed,2020-07-10,1,Samsung SM-A920F,6,Chrome Mobile WebView,0
96026797-77dd-4d3c-b7da-cd061079fab9,exposed,2020-07-10,12,Generic Smartphone,6,Chrome Mobile,0
96600bbd-5ecd-48a9-ad9a-7975bdc5dafa,exposed,2020-07-08,7,Samsung SM-A405FN,6,Chrome Mobile WebView,0
9812f336-4e28-486b-9459-c763bbeb8eaa,exposed,2020-07-07,21,Generic Smartphone,6,Chrome Mobile,0
981812f8-45ec-49ae-86a8-327fce9f3db0,exposed,2020-07-07,17,Samsung SM-A515F,6,Chrome Mobile WebView,0
9847066a-14da-4df1-80a1-69186d06a863,exposed,2020-07-08,19,Generic Smartphone,6,Chrome Mobile WebView,0
9904a132-bf0c-4b85-a050-00dc91296d3d,exposed,2020-07-04,6,Generic Smartphone,6,Chrome Mobile,0
996ce3ac-f2df-4955-8bfa-22edd0158d77,exposed,2020-07-04,11,Generic Smartphone,6,Chrome Mobile,0
999b00f0-2d07-495a-ba27-c203e7c54682,exposed,2020-07-09,16,Samsung SM-G965F,6,Samsung Internet,0
9aa247bb-83c3-458d-a5ec-58d6686183c0,exposed,2020-07-05,4,Generic Smartphone,6,Chrome Mobile,0
9b16782b-684f-408f-9fa9-187e902b2fc1,exposed,2020-07-10,7,Generic Smartphone,6,Chrome Mobile,0
9b7a2497-f2f3-4cfd-bf1b-bf533fa39f4f,exposed,2020-07-10,2,Generic Smartphone,6,Chrome Mobile,0
9bf1f08e-c752-4287-85e0-4e5af1379876,exposed,2020-07-07,5,Generic Smartphone,6,Chrome Mobile,0
9ca24739-4a02-4f5c-9307-01a871b20028,exposed,2020-07-09,3,Generic Smartphone,6,Chrome Mobile,0
9d198a0a-2f22-47e1-8092-82263d8b894d,exposed,2020-07-07,14,Samsung SM-A320FL,6,Samsung Internet,0
9e2727a0-87f6-4fc1-b6ec-a4705d8ce195,exposed,2020-07-08,20,Generic Smartphone,6,Chrome Mobile,0
9ea0fc2c-e9ee-4f86-92cd-8098f569caf0,exposed,2020-07-04,15,Generic Smartphone,6,Chrome Mobile,0
a0a76438-b3f8-408f-a681-344549a190a6,exposed,2020-07-08,22,Generic Smartphone,6,Chrome Mobile,0
a0b79f33-d611-45bb-8683-158b404f6e5a,exposed,2020-07-07,6,Samsung SM-A505FN,6,Chrome Mobile WebView,0
a0d2815e-4684-4040-bd9a-fc5e413929dd,exposed,2020-07-09,20,CLT-L09,6,Facebook,0
a4432f55-9262-4595-b1b8-a64753a300c9,exposed,2020-07-07,1,Samsung SM-G960F,6,Chrome Mobile WebView,0
a46c61aa-e442-4535-97b6-feb6096e4f62,exposed,2020-07-04,19,Samsung SM-G935F,6,Samsung Internet,0
a50145c5-4842-4ec7-8e0f-edd478202957,exposed,2020-07-05,7,Pixel 4,6,Chrome Mobile WebView,0
a67c0609-3e55-4aec-9078-e9bd2c528ce8,exposed,2020-07-07,11,Generic Smartphone,6,Chrome Mobile,0
a69c0804-8767-4cd2-933f-4c749f22c9d7,exposed,2020-07-10,4,I3312,6,Facebook,0
a887ef20-2df0-4328-a942-528cdf77f02c,exposed,2020-07-09,18,Generic Smartphone,6,Chrome Mobile,0
a8cffa56-53b4-4ddb-bf87-f20c75eb1f7a,exposed,2020-07-03,12,Generic Smartphone,6,Chrome Mobile,0
a947b7e4-9a07-436e-8af1-8bad8beea172,exposed,2020-07-05,7,Generic Smartphone,6,Chrome Mobile,0
aacec318-4269-4002-9a0c-e48751356f35,exposed,2020-07-03,14,Samsung SM-G935F,6,Chrome Mobile WebView,0
ab1630f0-4369-46f3-8d26-304329116ee0,exposed,2020-07-09,6,Generic Smartphone,6,Chrome Mobile,0
ab2a2ff1-f381-43fc-8637-e0db1d54c423,exposed,2020-07-04,12,Samsung SM-A300FU,6,Facebook,0
ac21d597-17db-4b5e-8a15-beb9c9dd53b1,exposed,2020-07-09,12,Generic Smartphone,6,Chrome Mobile,0
ad0c55d1-8da9-499f-bb5e-add8101e7f97,exposed,2020-07-07,9,Generic Smartphone,6,Facebook,0
ad3694cc-f876-4756-968f-da57f3680604,exposed,2020-07-08,17,Generic Smartphone,6,Chrome Mobile,0
ad88c341-6d11-420e-95af-2a00fe149268,exposed,2020-07-04,13,Generic Smartphone,6,Chrome Mobile,0
adf01b35-e56f-4007-9c19-c563b194f075,exposed,2020-07-08,21,Generic Smartphone,6,Chrome Mobile,0
ae12825c-4353-4ad9-868f-4be5aef600f5,exposed,2020-07-10,5,Generic Smartphone,6,Chrome Mobile,0
ae76bc8a-8d93-419b-a951-c27f54f9c2cc,exposed,2020-07-08,17,Generic Smartphone,6,Chrome Mobile,0
aec7e329-9e88-431d-ba7e-053b39724712,exposed,2020-07-08,5,Pixel 2,6,Chrome Mobile WebView,0
af8cf899-e869-461d-9aed-869a284c5bbe,exposed,2020-07-04,12,Generic Smartphone,6,Chrome Mobile,0
afccd237-8910-41b0-911d-553b1caf3779,exposed,2020-07-03,3,Samsung SM-G960F,6,Chrome Mobile WebView,0
b021ba43-576a-4c85-972d-fd52351a77ef,exposed,2020-07-06,10,Samsung SM-G950F,6,Chrome Mobile WebView,0
b05bc1a8-5f4d-4cc6-bfc1-b2962006cfa2,exposed,2020-07-04,6,Samsung SM-G950F,6,Chrome Mobile WebView,0
b0abe47c-5cf7-4b86-9843-42a69312da09,exposed,2020-07-09,17,Samsung SM-A405FN,6,Samsung Internet,0
b1d20e51-caa7-4a6f-b802-37c9a399e036,exposed,2020-07-03,11,Samsung SM-A505FN,6,Chrome Mobile WebView,0
b21528ce-584a-4221-9922-5c18182a9635,exposed,2020-07-07,12,Generic Smartphone,6,Chrome Mobile,0
b29beb86-44b1-446b-8464-3a22c9c4d6aa,exposed,2020-07-09,21,Generic Smartphone,6,Chrome Mobile,0
b4ab0db4-a7bf-45ad-8bd0-787c641b07b1,exposed,2020-07-08,19,Generic Smartphone,6,Chrome Mobile,0
b6c22319-ded9-41da-8d5e-7bd4dabbe3aa,exposed,2020-07-07,2,Samsung SM-G973F,6,Samsung Internet,0
b7cc440c-0bcc-415d-a312-b5385ffa4583,exposed,2020-07-09,10,Generic Smartphone,6,Chrome Mobile,0
b7ce3083-2364-4650-81d6-27ce10e25ff9,exposed,2020-07-08,18,Samsung SM-J600FN,6,Chrome Mobile WebView,0
b7db172d-a644-46a6-b6bb-f9bea0006862,exposed,2020-07-08,0,Generic Smartphone,6,Chrome Mobile,0
b86369f1-087c-4476-afe6-78e20a34db05,exposed,2020-07-03,12,Samsung SM-A505FN,6,Chrome Mobile WebView,0
b9684726-5a27-43ce-996c-87a0a35a0f09,exposed,2020-07-08,15,Pixel 4,6,Chrome Mobile WebView,0
b9b22375-5bae-4d72-aacd-3f79443e4bb0,exposed,2020-07-10,0,Generic Smartphone,6,Chrome Mobile,0
ba9cc425-9ed6-4e16-b8f6-9c9a0bb54144,exposed,2020-07-04,17,Generic Smartphone,6,Chrome Mobile,0
bb9521c8-aa06-41c0-97d7-ae8b68a97342,exposed,2020-07-04,6,Samsung $2,6,Chrome Mobile WebView,0
bb9a7f4e-64a2-4892-a699-09584c3d8ab1,exposed,2020-07-05,4,Generic Smartphone,6,Chrome Mobile,0
bbbf486d-e776-422d-99bd-261768551f27,exposed,2020-07-08,5,Generic Smartphone,6,Chrome Mobile,0
beca7115-85fb-4043-a856-8dc6c6b65da5,exposed,2020-07-09,13,Generic Smartphone,6,Chrome Mobile,0
bf3eafd1-c0a5-4824-947b-f9cc5398600e,exposed,2020-07-08,22,Generic Smartphone,6,Chrome Mobile,0
bf518047-40e7-44e0-a653-16fb004dacab,exposed,2020-07-09,9,Generic Smartphone,6,Chrome Mobile,0
bf9ebd51-e24a-44e0-b260-748204228a89,exposed,2020-07-10,15,Generic Smartphone,6,Chrome Mobile,0
bfaa07e5-99ed-4975-b941-057d91629a61,exposed,2020-07-08,16,Samsung SM-A202F,6,Chrome Mobile WebView,0
c64fa38e-3ada-4e59-bce0-d7e02c0ea7fb,exposed,2020-07-03,3,Generic Smartphone,6,Chrome Mobile,0
c6f7e8c5-61f2-45a4-a5de-cf5c2427bb76,exposed,2020-07-09,9,Moto $2,6,Chrome Mobile WebView,0
c7fa97a7-3dbb-4df2-baa8-64f80fb76620,exposed,2020-07-10,3,Generic Smartphone,6,Chrome Mobile,0
c87f417b-b07b-4f30-bf14-6114216a0c64,exposed,2020-07-08,22,Generic Smartphone,6,Chrome Mobile,0
cc35027c-4113-4b3d-809d-659083a91d13,exposed,2020-07-03,9,Generic Smartphone,6,Chrome Mobile,0
cca8a3c4-a143-4236-8aa0-bb8c1c218155,exposed,2020-07-06,5,Samsung SM-J330FN,6,Samsung Internet,0
ce03caeb-497d-403b-84c4-5d7592b139db,exposed,2020-07-10,6,Generic Smartphone,6,Facebook,0
ce14e80e-6164-486d-99f4-b44d4b20c686,exposed,2020-07-04,3,Generic Smartphone,6,Chrome Mobile,0
cf41dba7-9a8b-4bc4-99a0-d4665dbf8c97,exposed,2020-07-10,9,Samsung SM-G960F,6,Samsung Internet,0
d064bddc-6719-45fd-9d5a-6cc64d08fec9,exposed,2020-07-10,11,Generic Smartphone,6,Chrome Mobile,0
d316a958-1f28-417d-a71b-77212d7e7703,exposed,2020-07-10,10,Nokia undefined$2$3,6,Chrome Mobile,0
d34ebe25-fdb8-4b59-8fbd-ab0809ec22d0,exposed,2020-07-09,21,Generic Smartphone,6,Chrome Mobile,0
d3b96730-3fd5-4f03-9432-4ef4c1160cac,exposed,2020-07-04,7,Generic Smartphone,6,Chrome Mobile,0
d67b73d4-077e-437e-a046-0d6973fe12c8,exposed,2020-07-08,15,PRA-LX1,6,Facebook,0
d6e59a7b-fa44-4b68-aff1-8f3397d3ff1b,exposed,2020-07-04,10,Generic Smartphone,6,Chrome Mobile,0
d9c8c344-3b39-4e6d-a68a-0ec37496c280,exposed,2020-07-06,10,Generic Smartphone,6,Chrome Mobile,0
d9fee036-9d8e-4f6c-a17c-afc82b03be02,exposed,2020-07-08,16,Generic Smartphone,6,Chrome Mobile,0
da47b8a8-e82a-44a7-9374-992655581d2f,exposed,2020-07-09,11,Generic Smartphone,6,Chrome Mobile,0
da4b9fea-aa04-485b-8766-510d7a9daf64,exposed,2020-07-09,22,Generic Smartphone,6,Chrome Mobile,0
dba2b1a8-cc0c-4e90-941a-fe6c8e0b5bd5,exposed,2020-07-09,2,iPhone,5,Mobile Safari,0
dd368385-216c-4291-9895-3aff0925371c,exposed,2020-07-07,8,Generic Smartphone,6,Chrome Mobile,0
dd83a8b9-a95e-4f4e-ab4e-71bf94104aa8,exposed,2020-07-04,11,Samsung SM-A600FN,6,Chrome Mobile WebView,0
df4dc193-21b3-442e-bbd5-5580e22fc687,exposed,2020-07-10,4,Samsung SM-A300FU,6,Chrome Mobile WebView,0
e02afb7a-e3b3-4fc2-98c9-62bcff10712a,exposed,2020-07-09,17,Samsung SM-G925F,6,Chrome Mobile WebView,0
e14a5339-2cdc-4f76-b3b6-3e00af58b7a7,exposed,2020-07-09,18,Generic Smartphone,6,Chrome Mobile,0
e1fa9295-6381-476f-b6b4-996af7c3ecc8,exposed,2020-07-03,7,Samsung SM-G920F,6,Chrome Mobile WebView,0
e3a61a83-ee6e-420a-a872-a776b4f809b1,exposed,2020-07-08,15,Samsung SM-A202F,6,Samsung Internet,0
e3b19548-2909-40aa-8302-1cb074aa73ce,exposed,2020-07-08,13,Samsung SM-A202F,6,Chrome Mobile WebView,0
e3d59e20-ea87-4c11-8010-9412dd27e640,exposed,2020-07-08,19,Generic Smartphone,6,Chrome Mobile WebView,0
e51ef816-c10d-4d76-8296-1ebfa8d19d29,exposed,2020-07-05,8,Generic Smartphone,6,Chrome Mobile,0
e531bd16-3706-4042-8064-3ae47c953861,exposed,2020-07-08,18,LYA-L09,6,Facebook,0
e74adbd7-5403-45af-90a5-13be805ffbdf,exposed,2020-07-04,15,Generic Smartphone,6,Chrome Mobile,0
e7974d58-12d7-4ba5-967a-35ecbd6a2e92,exposed,2020-07-06,5,Generic Smartphone,6,Chrome Mobile,0
e7f2c91a-5c80-490e-b3a9-9ebb3fad4ef9,exposed,2020-07-06,7,OnePlus ONEPLUS A6013,6,Chrome Mobile WebView,0
e80622ac-a8f2-4888-8eb4-d92ab30f9848,exposed,2020-07-04,12,Samsung SM-G960F,6,Samsung Internet,0
e8269b7b-a328-492f-8ed8-0317481a3576,exposed,2020-07-09,6,Generic Smartphone,6,Chrome Mobile,0
e8a78543-8576-44cc-9208-dc44ed7b48e5,exposed,2020-07-06,6,Generic Smartphone,6,Chrome Mobile,0
e8eb7ddc-8fef-46a3-a909-f3c11133f42e,exposed,2020-07-03,11,Generic Smartphone,6,Chrome Mobile,0
e936d20a-2cfc-45e0-982f-47e33ec87567,exposed,2020-07-08,8,Samsung SM-A750GN,6,Samsung Internet,0
eb57adda-07bb-403c-8e2f-d247ea0db86a,exposed,2020-07-03,1,Generic Smartphone,6,Chrome Mobile,0
eb6f50cd-329c-4ca6-8946-b909b56da2fd,exposed,2020-07-06,9,Samsung SM-G975F,6,Chrome Mobile WebView,0
ebc90043-5582-4b06-8c1f-f0c16b1a6933,exposed,2020-07-05,3,Samsung SM-G950F,6,Chrome Mobile WebView,0
ec77e672-dc3d-47ed-9fbb-f9f2a2d71ab7,exposed,2020-07-05,9,Generic Smartphone,6,Chrome Mobile,0
ecf7f3e3-198a-46a2-9916-e5c4af543f51,exposed,2020-07-03,13,Generic Smartphone,6,Chrome Mobile WebView,0
ef334830-f200-4c1b-aea2-b01b96ca0950,exposed,2020-07-03,12,Generic Smartphone,6,Chrome Mobile,0
ef8bd22b-9232-4627-a98d-b173b3284a7b,exposed,2020-07-04,8,Generic Smartphone,6,Chrome Mobile,0
efb93bee-6ba2-4734-a786-cc184567cede,exposed,2020-07-03,4,Generic Smartphone,6,Chrome Mobile,0
f04af38d-ada9-4f4d-a389-4ff7fee16821,exposed,2020-07-07,22,Generic Smartphone,6,Chrome Mobile,0
f0a15526-6329-41e2-a867-5ac06eb3a1e8,exposed,2020-07-09,8,Pixel 2,6,Chrome Mobile WebView,0
f14c1372-fa33-4c49-8656-28d635cead96,exposed,2020-07-09,3,Samsung SM-J610G,6,Facebook,0
f1b2ff1e-f781-446e-a8c4-c53daea7e9fb,exposed,2020-07-06,5,VTR-L09,6,Facebook,0
f347a028-3083-45a7-8aa6-173bf1b8a6bf,exposed,2020-07-04,6,Generic Smartphone,6,Chrome Mobile,0
f3817b50-6e0d-4c01-96fe-f63c7500aa4d,exposed,2020-07-03,7,Generic Smartphone,6,Chrome Mobile,0
f4d18a67-beff-4e38-92e0-1fb875f8aba7,exposed,2020-07-08,15,Generic Smartphone,6,Chrome Mobile,0
f53bd889-a34d-4cb4-be37-4129fc65fccb,exposed,2020-07-10,3,Generic Smartphone,6,Chrome Mobile,0
f5ebaa8d-a198-4963-a285-6260010f894e,exposed,2020-07-03,9,Generic Smartphone,6,Facebook,0
f63133b5-7748-4423-bca9-6e5b409a53e6,exposed,2020-07-08,14,Generic Smartphone,6,Chrome Mobile WebView,0
f79c2e9e-afde-4c59-8a7a-e992cc18e4c6,exposed,2020-07-10,5,Samsung SM-G960F,6,Samsung Internet,0
f890cc03-b7f9-4bf0-b6d3-cceaf2e4a8cb,exposed,2020-07-03,5,Generic Smartphone,6,Chrome Mobile,0
f91eeeb1-6bc2-4f3f-945f-4e437b291e89,exposed,2020-07-03,0,Generic Smartphone,6,Chrome Mobile,0
f99f5af9-2956-450f-84f6-9c53cee98622,exposed,2020-07-09,14,Generic Smartphone,6,Chrome Mobile,0
fa15c8d5-3e39-4250-92ca-51bdf4e5a951,exposed,2020-07-08,19,Generic Smartphone,6,Chrome Mobile,0
fa3bf20f-fb92-41e5-8d01-8b243ef06391,exposed,2020-07-10,8,Generic Smartphone,6,Chrome Mobile,0
fa4f3a29-0b51-4fb2-b1e8-8e1bc0ae8373,exposed,2020-07-10,8,Samsung SM-A300FU,6,Chrome Mobile WebView,0
fa51ebf1-bf84-4b10-8479-461fd4cce4e7,exposed,2020-07-05,3,Generic Smartphone,6,Chrome Mobile,0
faa8f328-98ff-468f-89c2-00d29f2eea0f,exposed,2020-07-10,6,Generic Smartphone,6,Chrome Mobile,0
fb547431-7684-4ab6-9f81-932519796a18,exposed,2020-07-03,11,Generic Smartphone,6,Chrome Mobile,0
fd86fc6b-3420-4f81-9df0-98fa1f15abf5,exposed,2020-07-08,17,Samsung SM-G965F,6,Facebook,0
ff95df43-63b4-48c8-8497-781ba7952eec,exposed,2020-07-09,18,Generic Smartphone,6,Chrome Mobile,0
ffdfdc09-48c7-4bfb-80f8-ec1eb633602b,exposed,2020-07-03,4,Generic Smartphone,6,Chrome Mobile,0
